{"cameraMode":{"drawMode":0,"name":"Shaded","section":"Shading Mode"},"sceneLighting":true,"audioPlay":false,"sceneViewState":{"m_AlwaysRefresh":false,"showFog":true,"showSkybox":true,"showFlares":true,"showImageEffects":true,"showParticleSystems":true,"showVisualEffectGraphs":true,"m_FxEnabled":true},"in2DMode":false,"pivot":{"x":-141.05299377441407,"y":7.303116321563721,"z":-0.5194762945175171},"rotation":{"x":0.05445481836795807,"y":-0.5629183053970337,"z":0.03720724955201149,"w":0.8238793015480042},"size":25.414756774902345,"orthographic":false}