{"cameraMode":{"drawMode":0,"name":"Shaded","section":"Shading Mode"},"sceneLighting":true,"audioPlay":false,"sceneViewState":{"m_AlwaysRefresh":false,"showFog":true,"showSkybox":true,"showFlares":true,"showImageEffects":true,"showParticleSystems":true,"showVisualEffectGraphs":true,"m_FxEnabled":true},"in2DMode":false,"pivot":{"x":0.030122756958007814,"y":1.5928043127059937,"z":-0.1540546417236328},"rotation":{"x":0.08446433395147324,"y":0.9155271053314209,"z":-0.2805098295211792,"w":0.2756860554218292},"size":1.7519145011901856,"orthographic":false}